{"cameraMode":{"drawMode":0,"name":"Shaded","section":"Shading Mode"},"sceneLighting":true,"audioPlay":false,"sceneViewState":{"showFog":true,"showMaterialUpdate":false,"showSkybox":true,"showFlares":true,"showImageEffects":true,"showParticleSystems":true,"showVisualEffectGraphs":true,"m_FxEnabled":true},"in2DMode":false,"pivot":{"x":158.71324157714845,"y":200.0765380859375,"z":-91.25828552246094},"rotation":{"x":-0.27030953764915469,"y":-0.09570185840129852,"z":0.027004651725292207,"w":-0.9576374888420105},"size":35.244232177734378,"orthographic":false}